Student Number,Sex,Ethnicity,Citizenship,Entrance Score,Credits Taken,College,Study Group,Lives on Campus,Frequent Helper
55406,F,White,Canada,,6,Music,FALSE,FALSE,0
10291,M,None,USA,1062,0,Music,FALSE,FALSE,0
10712,F,White,Canada,1234,0,Music,FALSE,FALSE,0
59972,F,Asian,USA,1091,9,Music,FALSE,FALSE,0
39727,F,White,USA,978,3,Music,FALSE,FALSE,0
88499,F,White,Canada,1253,0,Music,FALSE,FALSE,0
60038,M,White,USA,941,6,Music,FALSE,FALSE,0
82399,M,Asian,USA,1226,6,Music,FALSE,FALSE,0
73732,F,White,Canada,1395,9,Music,FALSE,FALSE,0
61547,M,White,USA,1151,12,Music,FALSE,FALSE,0
56911,F,None,Canada,1432,15,Music,FALSE,FALSE,0
60683,F,White,Canada,1207,12,Music,FALSE,FALSE,0
19717,M,White,Canada,1217,15,Music,FALSE,FALSE,0
76659,M,Not Incl,Canada,1127,9,Music,FALSE,FALSE,0
91544,F,Asian,USA,1363,3,Music,FALSE,FALSE,0
87040,F,White,USA,,3,Music,FALSE,FALSE,0
59500,F,White,Canada,959,0,Music,FALSE,FALSE,0
27694,M,Non Res.,USA,1019,15,Music,FALSE,FALSE,0
24171,F,Hispanic,Canada,871,0,Music,FALSE,FALSE,0
65613,F,Non Res.,Canada,1433,12,Music,FALSE,FALSE,0
17271,F,White,Canada,1008,6,Engineering,FALSE,FALSE,0
14108,M,White,Canada,1230,12,Arts,FALSE,FALSE,0
90569,F,White,Canada,,6,Science,FALSE,FALSE,0
79707,M,White,USA,,0,Engineering,FALSE,FALSE,0
35687,M,None,USA,918,9,Arts,FALSE,FALSE,0
28563,M,None,USA,1086,6,Science,FALSE,FALSE,0
75486,M,White,Canada,1262,3,Engineering,FALSE,FALSE,0
54335,F,Asian,Canada,,0,Arts,FALSE,FALSE,0
96279,F,White,USA,1077,15,Science,FALSE,FALSE,0
81144,F,White,USA,,0,Engineering,FALSE,FALSE,0
71218,F,Asian,USA,1195,0,Arts,FALSE,FALSE,0
51686,F,White,Canada,1270,9,Science,FALSE,FALSE,1
81436,F,None,USA,1378,9,Engineering,FALSE,FALSE,0
71931,M,White,USA,964,3,Arts,FALSE,FALSE,0
11659,M,Asian,USA,1422,12,Science,TRUE,FALSE,0
21163,F,Non Res.,Canada,,3,Engineering,FALSE,FALSE,0
60430,F,White,Canada,1431,6,Arts,FALSE,FALSE,0
61697,F,White,Canada,,15,Science,FALSE,FALSE,0
93563,F,White,Canada,1113,12,Engineering,FALSE,FALSE,0
34162,M,White,USA,1043,15,Arts,FALSE,FALSE,1
23245,M,None,Canada,1225,9,Science,FALSE,FALSE,0
50474,F,White,Canada,1354,6,Engineering,FALSE,FALSE,0
84845,M,White,USA,1172,15,Arts,FALSE,FALSE,0
32962,F,White,USA,1037,6,Science,FALSE,FALSE,0
27133,F,White,Canada,855,6,Engineering,FALSE,FALSE,0
76390,F,White,USA,957,6,Arts,FALSE,FALSE,0
20003,F,White,Canada,991,9,Science,TRUE,FALSE,0
76634,M,White,Canada,1156,12,Arts,FALSE,FALSE,0
94084,F,White,USA,949,6,Arts,FALSE,FALSE,0
34174,M,White,USA,1349,9,Arts,FALSE,FALSE,0
42247,M,White,Canada,932,12,Arts,FALSE,FALSE,1
11356,F,White,Canada,1226,15,Arts,TRUE,FALSE,0
38283,F,White,Canada,1271,3,Arts,FALSE,FALSE,0
32817,M,White,USA,1041,3,Arts,FALSE,FALSE,0
81063,F,White,USA,1395,0,Arts,FALSE,FALSE,0
63970,F,Black,USA,1293,12,Arts,FALSE,TRUE,1
51380,F,White,Canada,1033,9,Arts,FALSE,FALSE,0
56550,F,White,Canada,963,3,Arts,TRUE,FALSE,0
18306,M,White,Canada,1083,15,Arts,FALSE,FALSE,0
47660,F,White,Canada,1102,6,Arts,FALSE,FALSE,0
37695,M,White,Canada,1199,6,Arts,FALSE,FALSE,0
79524,M,White,USA,904,0,Arts,FALSE,FALSE,0
89346,F,Black,USA,1329,0,Arts,FALSE,FALSE,0
19131,F,White,USA,953,15,Arts,FALSE,FALSE,0
51455,M,White,Canada,1324,3,Arts,FALSE,FALSE,1
91006,M,Non Res.,USA,1267,15,Arts,FALSE,FALSE,0
30294,F,Black,Canada,,3,Arts,FALSE,FALSE,0
11885,M,White,Canada,,12,Arts,FALSE,FALSE,0
52703,M,White,Canada,1068,12,Arts,FALSE,FALSE,0
23858,F,Hispanic,USA,1306,15,Arts,FALSE,FALSE,0
36048,M,White,Canada,1257,9,Arts,FALSE,FALSE,0
65949,F,White,Canada,,3,Arts,FALSE,FALSE,0
64332,M,Asian,Canada,1331,6,Arts,TRUE,FALSE,0
20894,M,White,USA,909,6,Arts,FALSE,FALSE,0
88911,F,Non Res.,USA,1041,9,Arts,FALSE,FALSE,0
81465,M,White,USA,1244,12,Arts,FALSE,FALSE,0
87284,M,Black,USA,,15,Arts,FALSE,FALSE,1
98914,F,White,USA,1232,3,Arts,FALSE,FALSE,0
58100,F,White,Canada,1228,6,Arts,FALSE,FALSE,0
81369,M,White,USA,1250,6,Arts,FALSE,FALSE,1
33089,M,White,Canada,1340,12,Arts,FALSE,FALSE,0
90348,M,White,Canada,1370,3,Arts,FALSE,FALSE,0
82725,M,Non Res.,Canada,965,3,Arts,FALSE,FALSE,0
61373,M,White,USA,1439,0,Arts,FALSE,FALSE,0
23165,M,None,Canada,1278,6,Arts,FALSE,FALSE,0
63789,M,White,USA,1047,6,Arts,FALSE,FALSE,0
25344,M,White,Canada,1224,15,Arts,FALSE,FALSE,0
64546,M,White,USA,1109,15,Arts,FALSE,FALSE,0
20339,M,Non Res.,USA,1239,9,Arts,FALSE,FALSE,0
33650,M,White,USA,1178,12,Arts,FALSE,FALSE,0
12207,M,White,USA,961,6,Arts,FALSE,FALSE,0
48034,M,Non Res.,USA,1423,0,Arts,FALSE,FALSE,0
13175,M,White,USA,1291,15,Arts,FALSE,FALSE,0
91554,F,White,Canada,1194,6,Arts,FALSE,FALSE,0
57166,F,Non Res.,Canada,1085,0,Arts,FALSE,FALSE,0
54630,M,White,USA,1050,0,Arts,FALSE,FALSE,0
82560,F,None,Canada,1248,3,Arts,FALSE,FALSE,0
77461,F,White,Canada,973,3,Arts,FALSE,FALSE,0
56516,F,None,Canada,1154,12,Arts,FALSE,FALSE,0
35264,M,White,USA,1132,0,Arts,FALSE,FALSE,1
91319,M,White,Canada,1390,0,Arts,FALSE,FALSE,0
82564,M,White,Canada,1372,6,Arts,FALSE,FALSE,0
91213,M,Asian,Canada,998,6,Arts,FALSE,FALSE,0
55651,M,White,Canada,1207,6,Arts,FALSE,FALSE,0
93459,M,White,Canada,1262,15,Arts,FALSE,FALSE,0
80125,M,None,USA,1057,0,Arts,FALSE,FALSE,0
37117,M,White,USA,1399,3,Arts,FALSE,FALSE,0
80743,F,White,Canada,1066,12,Arts,FALSE,FALSE,1
79040,M,Asian,USA,1439,3,Arts,FALSE,FALSE,0
85218,M,White,Canada,1187,12,Arts,FALSE,FALSE,0
62113,F,White,Canada,875,3,Arts,FALSE,FALSE,0
12129,M,Asian,Canada,1338,0,Arts,FALSE,FALSE,0
75566,M,Asian,Canada,1116,15,Arts,FALSE,FALSE,0
44839,M,White,Canada,990,6,Arts,FALSE,FALSE,0
63503,F,White,USA,1337,0,Arts,FALSE,FALSE,0
88732,F,White,USA,954,6,Arts,FALSE,FALSE,0
98628,F,White,USA,1188,15,Arts,FALSE,FALSE,0
78848,M,White,Canada,1120,15,Arts,FALSE,FALSE,0
53278,M,White,Canada,1213,6,Arts,FALSE,FALSE,0
18968,M,Non Res.,USA,987,9,Arts,FALSE,FALSE,0
12498,M,White,Canada,857,12,Arts,FALSE,FALSE,0
55486,M,None,Canada,1324,12,Arts,FALSE,FALSE,0
57003,M,Asian,USA,969,9,Arts,FALSE,FALSE,0
15674,F,White,USA,1299,9,Arts,FALSE,FALSE,0
47040,F,White,USA,1077,0,Arts,FALSE,FALSE,0
14170,M,White,USA,1205,9,Arts,FALSE,FALSE,0
60304,M,White,USA,908,12,Arts,FALSE,FALSE,0
29600,M,Asian,Canada,885,6,Arts,FALSE,FALSE,0
81631,M,White,USA,1328,15,Arts,FALSE,FALSE,0
16821,F,Asian,Canada,1213,9,Arts,FALSE,FALSE,0
54865,M,White,Canada,1168,6,Arts,FALSE,FALSE,0
72950,M,White,USA,1278,15,Arts,FALSE,FALSE,1
89385,M,White,USA,1144,0,Arts,FALSE,FALSE,0
46078,F,Asian,USA,1316,15,Arts,FALSE,FALSE,0
28602,F,White,USA,1045,6,Arts,FALSE,FALSE,0
82844,F,White,USA,966,15,Arts,FALSE,FALSE,0
26203,M,White,Canada,933,15,Arts,FALSE,FALSE,0
55719,M,Asian,Canada,1003,9,Arts,FALSE,FALSE,0
63588,M,Black,Canada,1182,12,Arts,FALSE,FALSE,0
95243,F,White,Canada,932,0,Arts,FALSE,FALSE,0
40937,F,Hispanic,USA,1340,3,Arts,FALSE,FALSE,0
25702,M,White,USA,1207,15,Arts,FALSE,FALSE,0
97373,M,White,USA,1421,0,Arts,FALSE,FALSE,0
16504,M,None,Canada,1015,3,Arts,FALSE,FALSE,0
60541,M,White,Canada,1348,6,Arts,FALSE,FALSE,0
60877,M,Asian,USA,1317,3,Arts,FALSE,FALSE,0
95236,F,Asian,USA,1120,9,Arts,FALSE,FALSE,0
59170,M,Asian,Canada,1096,3,Arts,FALSE,FALSE,0
39725,M,Asian,USA,,3,Arts,FALSE,FALSE,0
48515,M,None,USA,,15,Arts,FALSE,FALSE,0
68139,M,Asian,USA,996,15,Arts,FALSE,FALSE,0
42224,F,None,Canada,,15,Arts,FALSE,FALSE,0
94001,M,White,Canada,892,9,Arts,FALSE,FALSE,0
25142,M,White,USA,1233,6,Arts,FALSE,FALSE,0
47898,M,Asian,Canada,1004,9,Arts,FALSE,FALSE,0
41042,M,White,USA,1366,12,Arts,FALSE,FALSE,1
29313,M,Black,Canada,1353,0,Arts,FALSE,FALSE,0
98203,M,Asian,USA,863,6,Arts,FALSE,FALSE,0
60643,M,White,USA,1003,3,Arts,FALSE,FALSE,0
10944,M,Not Incl,USA,1117,0,Arts,FALSE,FALSE,0
15024,F,Asian,USA,922,15,Arts,FALSE,FALSE,0
15508,M,Non Res.,Canada,1039,12,Arts,FALSE,FALSE,0
73895,M,Asian,USA,1005,15,Arts,FALSE,FALSE,0
94410,M,Not Incl,USA,1285,15,Arts,FALSE,FALSE,0
51586,M,White,USA,1357,9,Arts,FALSE,FALSE,0
92497,M,Asian,Canada,1434,6,Arts,FALSE,FALSE,0
77255,F,Asian,Canada,988,15,Arts,FALSE,FALSE,0
67790,F,White,Canada,1232,6,Arts,FALSE,FALSE,0
48217,F,White,Canada,1038,0,Arts,FALSE,FALSE,0
40844,F,Black,Canada,1104,9,Arts,FALSE,FALSE,1
63034,F,White,USA,1316,6,Arts,FALSE,FALSE,0
79155,M,None,Canada,1191,3,Arts,FALSE,FALSE,0
56546,M,Asian,Canada,1437,6,Arts,FALSE,FALSE,0
60407,M,None,Canada,1398,9,Arts,FALSE,FALSE,0
85659,M,White,Canada,1091,9,Arts,FALSE,FALSE,1
17088,M,White,USA,1204,15,Arts,FALSE,FALSE,0
21285,M,White,Canada,1378,12,Arts,FALSE,FALSE,0
80895,F,White,USA,1257,0,Arts,FALSE,FALSE,0
66258,M,Black,USA,1111,3,Arts,FALSE,FALSE,0
51010,F,White,USA,1255,15,Arts,FALSE,FALSE,0
29411,M,White,USA,936,15,Arts,FALSE,FALSE,0
34397,F,White,Canada,1358,0,Arts,FALSE,FALSE,1
83235,M,White,Canada,1402,15,Arts,FALSE,FALSE,0
23412,F,Black,USA,978,9,Arts,FALSE,FALSE,0
49540,M,White,USA,1151,9,Arts,FALSE,FALSE,0
31133,M,White,Canada,965,9,Arts,FALSE,FALSE,0
54454,M,White,Canada,904,3,Arts,FALSE,FALSE,0
68853,M,White,Canada,,9,Arts,FALSE,FALSE,0
29337,M,White,USA,1064,15,Arts,FALSE,FALSE,0
15098,F,Non Res.,USA,978,6,Arts,FALSE,FALSE,0
69798,M,White,USA,1057,12,Arts,FALSE,FALSE,0
34362,M,White,USA,1332,15,Arts,FALSE,FALSE,0
20606,M,White,USA,1051,0,Arts,FALSE,FALSE,0
43693,M,White,USA,1246,9,Arts,FALSE,FALSE,0
28772,M,White,Canada,896,12,Arts,FALSE,FALSE,0
62193,M,Non Res.,Canada,895,12,Arts,FALSE,FALSE,0
36191,M,White,Canada,1162,0,Arts,FALSE,FALSE,0
96028,M,White,USA,889,9,Arts,FALSE,FALSE,0
29983,F,Asian,USA,1034,0,Arts,FALSE,FALSE,0
74408,M,Asian,USA,954,0,Arts,FALSE,FALSE,0
36872,F,None,Canada,1078,3,Arts,FALSE,FALSE,0
83017,M,Non Res.,Canada,1289,9,Arts,FALSE,FALSE,0
53563,M,Asian,USA,1421,3,Arts,FALSE,FALSE,0
83419,M,White,USA,1420,12,Arts,FALSE,FALSE,0
43425,M,Asian,USA,1285,0,Arts,FALSE,FALSE,0
39223,M,White,USA,1378,12,Arts,FALSE,FALSE,0
90507,F,Asian,USA,1070,9,Arts,FALSE,FALSE,0
54710,M,White,USA,1048,15,Arts,FALSE,FALSE,0
20118,F,Hispanic,USA,1316,15,Arts,FALSE,FALSE,0
56766,M,White,Canada,886,12,Arts,FALSE,FALSE,1
95721,M,None,Canada,,15,Arts,FALSE,FALSE,1
39530,M,White,Canada,,12,Arts,FALSE,FALSE,0
81164,F,Asian,Canada,,12,Arts,FALSE,FALSE,0
78956,F,White,USA,,12,Arts,FALSE,FALSE,0
52942,M,Asian,Canada,1310,3,Arts,FALSE,FALSE,0
30705,M,White,Canada,1131,3,Arts,FALSE,FALSE,0
10090,F,Black,USA,972,6,Arts,FALSE,FALSE,1
97397,M,White,Canada,1228,9,Arts,FALSE,FALSE,1
89559,M,White,Canada,1092,15,Arts,FALSE,FALSE,0
29427,M,White,USA,1101,3,Arts,FALSE,FALSE,0
12495,F,White,USA,938,0,Arts,FALSE,FALSE,0
59357,M,None,Canada,1208,9,Arts,FALSE,FALSE,0
53789,M,White,Canada,1155,0,Arts,FALSE,FALSE,0
23102,M,Asian,Canada,1152,3,Arts,FALSE,FALSE,0
93051,M,White,USA,1337,3,Arts,FALSE,FALSE,0
72562,F,Native Amr,USA,1363,15,Arts,FALSE,FALSE,0
75295,F,White,Canada,1043,15,Arts,FALSE,FALSE,0
29242,F,Asian,Canada,947,3,Arts,FALSE,FALSE,0
68590,M,White,USA,1168,9,Arts,FALSE,FALSE,0
95278,M,White,Canada,1090,15,Arts,FALSE,FALSE,0
93650,M,White,USA,992,3,Arts,FALSE,FALSE,0
95463,M,White,USA,890,12,Arts,FALSE,FALSE,0
78296,M,White,USA,1130,6,Arts,FALSE,FALSE,0
47214,M,Non Res.,Canada,1176,9,Arts,FALSE,FALSE,0
78882,F,Asian,Canada,995,6,Arts,FALSE,FALSE,0
21721,M,White,USA,1358,9,Arts,FALSE,FALSE,0
76437,M,White,Canada,1025,6,Arts,FALSE,FALSE,0
69390,M,White,Canada,975,0,Arts,FALSE,FALSE,0
66432,M,Asian,USA,1337,6,Arts,FALSE,FALSE,0
86556,M,White,USA,869,3,Arts,FALSE,FALSE,0
26156,F,Asian,USA,913,12,Arts,FALSE,FALSE,0
62153,M,White,Canada,966,6,Arts,FALSE,FALSE,0
26086,M,White,Canada,1068,0,Arts,FALSE,FALSE,0
97320,M,White,Canada,1380,9,Arts,FALSE,FALSE,0
41109,M,White,Canada,1003,0,Arts,FALSE,FALSE,0
69028,M,Asian,Canada,937,6,Arts,FALSE,FALSE,0
28025,M,White,USA,1071,15,Arts,FALSE,FALSE,0
41199,M,White,USA,1126,6,Arts,FALSE,FALSE,0
66426,M,White,Canada,1315,0,Arts,FALSE,FALSE,0
17585,M,Asian,Canada,1313,15,Arts,FALSE,FALSE,0
60627,M,Non Res.,USA,1377,12,Arts,FALSE,FALSE,0
68922,F,White,Canada,1404,0,Arts,FALSE,FALSE,0
66942,F,Asian,USA,,9,Arts,FALSE,FALSE,0
14417,F,White,Canada,1080,12,Arts,FALSE,FALSE,0
82024,M,Asian,Canada,1092,3,Arts,FALSE,FALSE,0
59993,F,White,USA,1115,12,Arts,FALSE,FALSE,0
76979,M,White,Canada,976,12,Arts,FALSE,FALSE,0
57319,F,White,Canada,1014,3,Arts,FALSE,FALSE,0
79235,F,White,Canada,1309,0,Arts,FALSE,FALSE,0
45570,F,Black,USA,1074,3,Arts,FALSE,FALSE,1
52598,F,None,USA,1333,0,Arts,FALSE,FALSE,0
72886,M,Asian,USA,958,6,Arts,FALSE,FALSE,0
41033,M,None,Canada,1216,0,Arts,FALSE,FALSE,0
30894,M,Black,Canada,,9,Arts,FALSE,FALSE,0
20100,M,White,USA,1374,0,Arts,FALSE,FALSE,1
19916,F,White,Canada,1238,6,Arts,FALSE,FALSE,0
42616,F,White,USA,952,0,Arts,FALSE,FALSE,0
86537,F,White,Canada,929,9,Arts,FALSE,FALSE,0
79306,M,White,Canada,1155,9,Arts,FALSE,FALSE,0
99048,M,Not Incl,Canada,1127,9,Arts,FALSE,FALSE,0
73093,M,White,Canada,1055,12,Arts,FALSE,FALSE,0
95462,M,Hispanic,USA,1052,6,Arts,FALSE,FALSE,0
61201,M,White,Canada,1147,15,Arts,FALSE,FALSE,0
89179,M,White,USA,1119,15,Arts,FALSE,FALSE,0
92783,F,White,USA,1169,0,Arts,FALSE,FALSE,0
92311,F,White,USA,1365,0,Arts,FALSE,FALSE,0
58208,F,White,USA,1058,6,Arts,FALSE,FALSE,0
20809,M,White,USA,1323,15,Arts,FALSE,FALSE,0
33511,F,Asian,Canada,862,9,Arts,FALSE,FALSE,0
24635,F,White,USA,1280,6,Arts,FALSE,FALSE,0
28394,M,None,Canada,1008,15,Arts,FALSE,FALSE,0
84138,F,White,USA,1327,3,Arts,FALSE,FALSE,0
83557,F,White,USA,1152,6,Arts,FALSE,FALSE,0
85337,F,White,Canada,945,6,Arts,FALSE,FALSE,0
88556,M,None,USA,1291,0,Arts,FALSE,FALSE,0
65582,F,White,USA,1383,12,Arts,FALSE,FALSE,0
45330,F,Asian,USA,1188,3,Arts,FALSE,FALSE,0
65535,F,White,Canada,965,12,Arts,FALSE,FALSE,0
22901,M,White,Canada,919,15,Arts,FALSE,FALSE,0
24566,M,Non Res.,USA,1352,3,Arts,FALSE,FALSE,0
11106,M,White,Canada,1425,15,Arts,TRUE,FALSE,0
65500,F,White,USA,1143,0,Arts,FALSE,FALSE,0
87452,M,White,Canada,,12,Arts,FALSE,FALSE,0
42139,M,White,USA,1245,15,Arts,FALSE,FALSE,0
86395,M,White,USA,,9,Arts,FALSE,FALSE,0
97553,F,White,Canada,942,12,Arts,FALSE,FALSE,0
52056,F,White,USA,,6,Arts,FALSE,FALSE,0
29011,F,White,Canada,919,12,Arts,FALSE,FALSE,0
84091,F,White,USA,1178,3,Arts,FALSE,TRUE,1
31362,M,Asian,Canada,1331,0,Arts,FALSE,FALSE,0
28060,F,Asian,Canada,1022,6,Arts,TRUE,FALSE,0
57184,M,White,Canada,1258,0,Arts,FALSE,FALSE,0
26825,M,White,USA,1046,6,Arts,FALSE,FALSE,1
79261,M,White,Canada,1299,3,Arts,FALSE,FALSE,0
46364,M,None,Canada,872,0,Arts,FALSE,FALSE,0
19608,M,White,Canada,1248,6,Arts,FALSE,FALSE,0
71573,M,Black,USA,1006,6,Arts,FALSE,FALSE,0
94573,F,White,USA,1141,6,Arts,FALSE,FALSE,0
30418,M,White,Canada,977,6,Arts,FALSE,FALSE,0
95084,F,White,Canada,930,15,Arts,FALSE,FALSE,0
19208,M,Black,Canada,1350,12,Arts,FALSE,FALSE,0
48812,M,Black,USA,859,3,Arts,FALSE,FALSE,0
79223,F,White,Canada,942,3,Arts,TRUE,FALSE,0
92766,F,Hispanic,USA,1189,0,Arts,FALSE,FALSE,0
34149,M,Black,Canada,1018,9,Arts,FALSE,FALSE,0
67780,F,White,USA,1420,3,Arts,FALSE,FALSE,0
58348,M,Black,USA,901,12,Arts,FALSE,FALSE,0
69480,F,Black,USA,1113,12,Arts,FALSE,FALSE,0
33316,F,Black,Canada,1270,0,Arts,FALSE,FALSE,1
71250,M,White,Canada,1434,12,Arts,FALSE,FALSE,0
84046,M,White,Canada,860,0,Arts,FALSE,FALSE,0
34422,M,White,Canada,1386,0,Arts,FALSE,FALSE,0
36750,M,White,USA,913,12,Arts,FALSE,FALSE,0
71499,F,White,USA,,15,Arts,FALSE,FALSE,0
66562,M,White,Canada,,0,Arts,FALSE,FALSE,0
23145,F,White,USA,1363,3,Arts,FALSE,FALSE,0
69053,F,White,Canada,1370,9,Arts,FALSE,FALSE,0
18618,F,White,Canada,1207,9,Arts,FALSE,FALSE,0
42157,M,Asian,Canada,1168,0,Arts,FALSE,FALSE,0
53144,F,White,Canada,871,15,Arts,FALSE,FALSE,0
39981,M,White,Canada,1276,9,Arts,FALSE,FALSE,0
60217,M,White,Canada,,6,Arts,FALSE,FALSE,0
10329,F,White,USA,,0,Arts,FALSE,FALSE,0
56806,F,White,Canada,906,0,Arts,FALSE,FALSE,0
39479,F,Black,USA,1353,12,Arts,FALSE,TRUE,1
46693,F,Black,Canada,857,0,Arts,FALSE,TRUE,1
66415,M,White,Canada,1314,6,Arts,FALSE,FALSE,0
11053,F,Black,USA,958,0,Arts,FALSE,TRUE,1
41266,M,White,Canada,1307,6,Arts,FALSE,FALSE,0
86833,M,White,USA,1336,15,Arts,FALSE,FALSE,0
96137,M,Asian,USA,1356,15,Arts,FALSE,FALSE,0
50475,F,White,USA,872,0,Arts,FALSE,FALSE,0
35646,M,White,Canada,1036,0,Arts,FALSE,FALSE,0
75361,M,White,USA,893,3,Arts,FALSE,FALSE,0
43241,F,White,USA,952,3,Arts,FALSE,FALSE,0
59796,F,Hispanic,Canada,946,12,Arts,FALSE,FALSE,0
43142,M,White,USA,902,9,Arts,FALSE,FALSE,0
91590,M,Hispanic,Canada,,0,Arts,FALSE,TRUE,1
29276,M,Hispanic,USA,1045,9,Arts,FALSE,TRUE,1
66458,M,White,USA,1285,9,Arts,FALSE,FALSE,0
62840,M,White,USA,1070,12,Arts,FALSE,FALSE,1
13323,F,White,USA,1024,9,Arts,FALSE,FALSE,0
90880,M,White,Canada,1336,9,Arts,FALSE,FALSE,0
89591,M,White,Canada,,6,Arts,FALSE,FALSE,0
74822,F,White,USA,1334,9,Arts,FALSE,FALSE,1
57442,M,White,Canada,,12,Arts,FALSE,FALSE,0
12737,M,Black,USA,854,12,Arts,FALSE,FALSE,1
43875,F,White,USA,1330,0,Arts,FALSE,FALSE,0
66061,M,None,USA,1345,3,Arts,FALSE,FALSE,0
44894,M,None,USA,1390,12,Arts,FALSE,FALSE,0
87020,F,Asian,Canada,1393,0,Arts,FALSE,FALSE,0
96042,M,White,Canada,1267,12,Arts,FALSE,FALSE,0
95112,M,White,USA,1320,3,Arts,FALSE,FALSE,0
87349,M,White,USA,1160,0,Arts,FALSE,FALSE,0
52848,F,White,USA,995,12,Arts,FALSE,FALSE,0
34591,M,Asian,Canada,1342,15,Arts,FALSE,FALSE,0
34042,M,White,Canada,995,0,Arts,FALSE,FALSE,0
19264,F,White,USA,1051,3,Arts,FALSE,FALSE,0
35644,F,Asian,Canada,1254,15,Arts,FALSE,FALSE,0
65309,M,None,Canada,1003,6,Arts,FALSE,FALSE,0
96097,F,White,Canada,924,0,Arts,FALSE,FALSE,0
31782,F,Asian,USA,1362,15,Arts,FALSE,FALSE,0
15785,M,Asian,USA,870,9,Arts,FALSE,FALSE,0
31744,M,None,USA,1411,3,Arts,FALSE,FALSE,0
97144,F,White,Canada,1277,0,Arts,FALSE,FALSE,0
49027,F,White,USA,892,12,Arts,FALSE,FALSE,0
81540,M,Asian,USA,1007,15,Arts,FALSE,FALSE,0
40286,M,White,Canada,1320,12,Arts,FALSE,FALSE,0
40617,M,White,USA,995,12,Arts,FALSE,FALSE,0
10816,F,White,Canada,1103,6,Arts,FALSE,FALSE,1
96744,M,White,USA,1373,3,Arts,FALSE,FALSE,0
93458,M,White,Canada,1191,6,Arts,FALSE,FALSE,0
14139,F,Black,Canada,947,0,Arts,FALSE,FALSE,0
87625,F,White,USA,,15,Arts,FALSE,FALSE,0
83049,F,White,Canada,1003,15,Arts,FALSE,FALSE,0
78962,M,White,Canada,1365,9,Arts,FALSE,FALSE,0
45068,F,White,Canada,1434,9,Arts,FALSE,FALSE,0
85786,F,Black,Canada,896,12,Arts,FALSE,FALSE,1
22838,F,White,USA,1370,12,Arts,FALSE,FALSE,0
11129,F,White,Canada,1323,15,Arts,FALSE,FALSE,0
30681,M,None,USA,1391,9,Arts,FALSE,FALSE,0
99858,F,White,Canada,1319,12,Arts,FALSE,FALSE,0
97171,M,White,USA,1276,9,Arts,FALSE,FALSE,0
25794,F,Asian,Canada,1218,12,Arts,FALSE,FALSE,0
87207,F,White,USA,1198,15,Arts,FALSE,FALSE,0
50020,F,White,USA,995,6,Arts,FALSE,FALSE,0
50386,M,Black,Canada,1363,9,Arts,TRUE,FALSE,1
21250,M,White,Canada,1099,15,Arts,FALSE,FALSE,0
59284,M,White,Canada,1141,9,Arts,TRUE,FALSE,0
76031,F,White,Canada,974,9,Arts,FALSE,FALSE,0
76560,F,White,USA,912,6,Arts,FALSE,FALSE,0
55382,M,White,Canada,1295,12,Arts,FALSE,FALSE,0
97814,F,White,USA,1048,6,Arts,FALSE,FALSE,0
82345,M,White,Canada,1425,15,Arts,FALSE,FALSE,0
77126,F,White,Canada,1315,15,Arts,FALSE,FALSE,0
94958,F,White,Canada,1019,9,Arts,FALSE,FALSE,0
31373,F,White,USA,1261,12,Arts,FALSE,FALSE,0
58666,M,None,Canada,1358,12,Arts,FALSE,FALSE,0
35245,F,White,USA,1176,3,Arts,FALSE,FALSE,0
61990,F,White,Canada,1141,6,Arts,FALSE,FALSE,0
59483,M,White,Canada,912,3,Arts,FALSE,FALSE,0
31990,M,White,USA,1429,9,Arts,FALSE,FALSE,0
55448,M,None,USA,1074,15,Arts,FALSE,FALSE,0
63622,F,White,USA,1253,3,Arts,FALSE,FALSE,0
19615,F,Asian,Canada,935,9,Arts,FALSE,FALSE,0
38498,M,Hispanic,USA,1227,15,Arts,FALSE,FALSE,0
42585,F,Asian,Canada,1178,15,Arts,FALSE,FALSE,0
54683,F,White,Canada,928,0,Arts,FALSE,FALSE,0
24284,F,Non Res.,Canada,1273,12,Arts,FALSE,FALSE,0
55423,M,White,USA,1107,9,Arts,FALSE,FALSE,0
55813,M,Hispanic,Canada,1402,0,Arts,FALSE,FALSE,0
44966,F,White,USA,1224,3,Arts,FALSE,FALSE,0
55282,F,Asian,USA,986,6,Arts,FALSE,FALSE,0
52984,F,White,Canada,1238,9,Arts,FALSE,FALSE,0
60760,M,White,Canada,1001,0,Arts,FALSE,FALSE,0
42490,M,None,Canada,1335,6,Arts,FALSE,FALSE,1
93005,M,Asian,USA,1384,0,Arts,FALSE,FALSE,0
11147,F,White,USA,924,9,Arts,FALSE,FALSE,1
53741,M,White,Canada,993,6,Arts,FALSE,FALSE,0
52290,F,White,USA,1084,12,Arts,FALSE,FALSE,0
77178,F,White,Canada,1048,3,Arts,FALSE,FALSE,0
30301,F,White,USA,1056,12,Arts,FALSE,FALSE,0
97672,F,Non Res.,USA,938,6,Arts,FALSE,FALSE,0
74992,F,White,Canada,1247,9,Arts,FALSE,FALSE,0
12647,M,White,USA,1040,12,Arts,FALSE,FALSE,0
74799,M,White,Canada,1404,3,Arts,FALSE,FALSE,0
69951,F,White,Canada,1416,3,Arts,FALSE,FALSE,1
34020,M,White,USA,861,9,Arts,FALSE,FALSE,0
33465,F,White,USA,1321,0,Arts,FALSE,FALSE,0
95196,F,White,USA,1151,9,Arts,FALSE,FALSE,0
86011,F,Asian,USA,1153,15,Arts,FALSE,FALSE,0
82948,F,White,USA,1384,3,Arts,FALSE,FALSE,0
27187,F,White,USA,,3,Arts,FALSE,FALSE,0
41459,M,White,USA,1140,15,Arts,FALSE,FALSE,0
46571,M,Black,USA,1377,6,Arts,FALSE,FALSE,0
36803,F,White,Canada,1197,12,Arts,FALSE,FALSE,0
69957,F,Asian,USA,1225,15,Arts,FALSE,FALSE,0
79156,F,White,Canada,1164,6,Arts,FALSE,FALSE,0
81487,F,White,Canada,934,15,Arts,FALSE,FALSE,0
84242,M,White,Canada,1304,9,Arts,FALSE,FALSE,0
34580,F,White,Canada,996,15,Arts,FALSE,FALSE,1
37300,M,White,USA,1192,15,Arts,FALSE,FALSE,0
29209,F,Asian,Canada,1266,12,Arts,FALSE,FALSE,0
79863,F,Asian,USA,1371,6,Arts,FALSE,FALSE,0
80285,F,White,Canada,1328,6,Arts,FALSE,FALSE,0
79970,M,White,USA,1063,12,Arts,FALSE,FALSE,0
22353,F,White,Canada,932,12,Arts,FALSE,FALSE,0
73290,M,None,Canada,1222,9,Arts,FALSE,FALSE,0
81117,M,Non Res.,Canada,1006,6,Arts,FALSE,FALSE,0
66094,M,White,USA,1006,0,Arts,FALSE,FALSE,0
25580,M,Asian,Canada,1366,3,Arts,FALSE,FALSE,0
58295,M,Black,USA,1241,9,Arts,FALSE,FALSE,1
86396,M,None,USA,1205,15,Arts,FALSE,FALSE,0
23253,F,White,Canada,982,9,Arts,FALSE,FALSE,0
33288,M,White,USA,1330,3,Arts,FALSE,FALSE,0
89043,F,Hispanic,USA,1012,12,Arts,FALSE,FALSE,0
88052,M,White,Canada,1173,15,Arts,FALSE,FALSE,0
93239,M,White,USA,1293,9,Arts,FALSE,FALSE,0
23064,M,White,USA,988,3,Arts,FALSE,FALSE,0
21518,F,None,Canada,1185,15,Arts,FALSE,FALSE,0
88436,F,White,Canada,1173,0,Arts,FALSE,FALSE,0
99075,M,Asian,Canada,1289,3,Arts,FALSE,FALSE,0
94466,F,Not Incl,Canada,897,3,Arts,TRUE,FALSE,0
15623,F,White,Canada,1117,3,Arts,FALSE,FALSE,0
40535,F,White,USA,989,0,Arts,FALSE,FALSE,0
41038,F,White,USA,1425,12,Arts,FALSE,FALSE,0
42426,M,Hispanic,Canada,873,15,Arts,FALSE,TRUE,1
10493,F,White,USA,1364,0,Arts,FALSE,FALSE,0
20194,F,Hispanic,Canada,1148,0,Arts,FALSE,FALSE,0
23913,F,Black,Canada,957,15,Arts,FALSE,TRUE,1
84736,F,White,USA,1228,9,Arts,FALSE,FALSE,0
44775,M,White,Canada,1295,15,Arts,FALSE,FALSE,1
51214,F,Asian,Canada,1300,12,Arts,FALSE,FALSE,0
13945,F,Not Incl,USA,1053,6,Arts,FALSE,FALSE,0
24638,F,White,USA,1225,6,Arts,FALSE,FALSE,0
31499,F,White,Canada,1188,3,Arts,FALSE,FALSE,1
83916,M,White,USA,1267,0,Arts,FALSE,FALSE,0
36992,M,None,USA,1308,0,Arts,FALSE,FALSE,0
94790,F,White,Canada,969,12,Arts,FALSE,FALSE,0
65033,F,White,USA,1423,9,Arts,FALSE,FALSE,0
93087,M,Not Incl,USA,874,3,Arts,FALSE,FALSE,0
20371,M,Black,Canada,895,15,Arts,FALSE,FALSE,1
23329,M,White,Canada,1224,3,Arts,FALSE,FALSE,0
79483,F,None,USA,1229,3,Arts,FALSE,FALSE,0
33624,F,White,USA,1028,9,Arts,FALSE,FALSE,0
46617,F,Asian,Canada,1113,6,Arts,TRUE,FALSE,0
68527,F,Non Res.,Canada,1392,15,Arts,FALSE,FALSE,0
21676,F,White,Canada,1351,6,Arts,FALSE,FALSE,0
39856,M,White,Canada,965,0,Arts,FALSE,FALSE,0
81591,F,White,Canada,939,0,Arts,FALSE,FALSE,0
33195,M,White,Canada,1095,6,Arts,FALSE,FALSE,0
28292,F,Black,USA,1289,0,Arts,TRUE,FALSE,1
80667,M,White,Canada,1379,3,Arts,FALSE,FALSE,0
27661,M,White,Canada,1143,9,Arts,FALSE,FALSE,0
33915,M,Asian,USA,965,6,Arts,FALSE,FALSE,0
21203,F,None,USA,927,6,Arts,FALSE,FALSE,0
58699,M,White,USA,1127,3,Arts,FALSE,FALSE,0
66342,M,White,Canada,989,6,Arts,FALSE,FALSE,0
21696,F,White,Canada,851,6,Arts,FALSE,FALSE,0
68894,F,White,Canada,1426,3,Arts,FALSE,FALSE,0
80256,M,Asian,Canada,1097,3,Arts,FALSE,FALSE,0
96433,F,White,Canada,1229,0,Arts,FALSE,FALSE,0
13670,M,White,Canada,1281,3,Arts,FALSE,FALSE,0
31470,F,None,Canada,956,15,Arts,FALSE,FALSE,0
10378,F,White,USA,1433,6,Arts,FALSE,FALSE,0
28308,F,Asian,Canada,1066,9,Arts,FALSE,FALSE,0
52970,F,White,Canada,,3,Arts,FALSE,FALSE,0
84295,F,Black,Canada,,9,Arts,FALSE,FALSE,1
55301,F,Black,Canada,1294,12,Arts,FALSE,FALSE,1
47760,F,White,Canada,,15,Arts,FALSE,FALSE,0
49328,F,White,Canada,1259,0,Arts,FALSE,TRUE,1
48388,F,White,Canada,,0,Arts,FALSE,FALSE,0
58131,F,White,Canada,933,15,Arts,FALSE,FALSE,0
62657,F,Asian,Canada,,3,Arts,FALSE,FALSE,0
27871,F,Asian,USA,1414,3,Arts,FALSE,FALSE,0
81755,F,Asian,USA,1242,6,Arts,FALSE,FALSE,0
99275,M,Black,Canada,,12,Arts,FALSE,FALSE,1
86398,M,White,Canada,957,0,Arts,FALSE,FALSE,0
93432,F,Not Incl,USA,869,12,Arts,FALSE,FALSE,1
39131,F,Not Incl,USA,,12,Arts,FALSE,FALSE,0
67990,F,White,USA,,3,Arts,FALSE,FALSE,0
26627,M,Black,Canada,,0,Arts,FALSE,FALSE,1
57424,F,Black,Canada,,15,Arts,FALSE,TRUE,1
48658,M,Non Res.,USA,1025,9,Arts,FALSE,FALSE,0
44289,F,White,Canada,1337,12,Arts,FALSE,FALSE,0
81340,M,White,USA,1047,6,Arts,FALSE,FALSE,0
59862,M,White,USA,1289,15,Arts,FALSE,FALSE,0
92989,F,White,USA,1288,15,Arts,FALSE,FALSE,0
47682,M,White,Canada,958,12,Arts,FALSE,FALSE,0
71559,M,White,USA,1404,6,Arts,FALSE,FALSE,0
61884,M,White,Canada,1378,0,Arts,FALSE,FALSE,0
27939,M,White,Canada,1203,0,Arts,TRUE,FALSE,0
67992,F,Asian,USA,1253,6,Arts,FALSE,FALSE,0
65554,M,White,USA,1316,6,Arts,FALSE,FALSE,0
49409,M,White,Canada,906,0,Arts,FALSE,FALSE,1
68371,M,Not Incl,USA,1369,15,Arts,FALSE,TRUE,1
83863,F,White,Canada,1393,15,Arts,FALSE,FALSE,0
92379,F,White,USA,1183,3,Arts,FALSE,FALSE,0
52666,F,White,Canada,917,6,Arts,FALSE,FALSE,0
39164,M,Non Res.,Canada,1395,12,Arts,FALSE,FALSE,0
40140,F,Black,USA,1169,3,Arts,FALSE,TRUE,1
91994,F,White,Canada,1165,9,Arts,FALSE,FALSE,0
77552,F,White,Canada,1183,12,Arts,FALSE,FALSE,0
88271,M,Hispanic,Canada,1009,0,Arts,FALSE,FALSE,1
54652,M,Asian,USA,1271,15,Arts,FALSE,FALSE,0
95424,M,White,USA,1176,15,Arts,FALSE,FALSE,0
70027,M,Non Res.,Canada,1225,6,Arts,FALSE,FALSE,0
53928,M,White,USA,1124,9,Arts,FALSE,FALSE,0
81823,M,White,Canada,995,0,Arts,FALSE,FALSE,0
63460,M,White,Canada,1308,3,Arts,FALSE,FALSE,0
83059,M,White,USA,1098,6,Arts,FALSE,FALSE,0
49814,F,Asian,USA,1388,3,Arts,FALSE,FALSE,0
80088,M,White,USA,1416,3,Arts,FALSE,FALSE,0
40484,F,White,Canada,1117,6,Arts,FALSE,FALSE,0
88473,F,Hispanic,Canada,973,12,Arts,FALSE,FALSE,1
24378,M,White,USA,1312,0,Arts,FALSE,FALSE,0
21824,F,White,USA,1314,12,Arts,FALSE,FALSE,0
48335,F,Asian,USA,1412,12,Arts,FALSE,FALSE,0
17367,M,None,Canada,1160,15,Arts,FALSE,FALSE,0
59507,F,White,Canada,1423,9,Arts,FALSE,FALSE,0
19894,F,White,Canada,1376,3,Arts,FALSE,FALSE,0
69252,M,White,USA,1097,0,Arts,FALSE,FALSE,1
77446,F,White,Canada,1185,9,Arts,FALSE,FALSE,0
77886,F,White,Canada,1188,12,Arts,FALSE,FALSE,0
34806,M,White,Canada,973,6,Arts,FALSE,FALSE,0
26856,F,White,Canada,1242,12,Arts,FALSE,FALSE,0
46258,F,Non Res.,Canada,1117,9,Arts,FALSE,FALSE,0
18670,M,Asian,Canada,926,6,Arts,FALSE,FALSE,0
19235,F,White,USA,984,0,Arts,FALSE,FALSE,0
88924,M,None,USA,1185,0,Arts,FALSE,FALSE,0
47835,F,White,USA,880,3,Arts,FALSE,FALSE,0
49375,F,White,USA,1304,3,Arts,FALSE,FALSE,0
80919,F,White,Canada,909,9,Arts,FALSE,FALSE,0
25387,M,White,USA,1214,15,Arts,FALSE,FALSE,0
37647,F,White,Canada,872,3,Arts,FALSE,FALSE,0
35572,M,White,USA,1330,6,Arts,FALSE,FALSE,1
20812,F,White,Canada,949,15,Arts,FALSE,FALSE,0
97674,M,White,USA,1248,12,Arts,FALSE,FALSE,0
79500,F,White,Canada,1014,0,Arts,FALSE,FALSE,0
92635,F,Asian,USA,1095,0,Arts,FALSE,FALSE,0
61135,F,White,USA,1115,15,Arts,FALSE,FALSE,0
62559,F,White,Canada,1262,9,Arts,FALSE,FALSE,0
42449,F,White,USA,1042,6,Arts,FALSE,FALSE,0
41223,F,White,Canada,1091,3,Arts,FALSE,FALSE,0
93044,F,White,USA,939,15,Arts,FALSE,FALSE,0
30923,F,White,Canada,1165,3,Arts,FALSE,FALSE,0
55601,F,White,USA,963,3,Arts,FALSE,FALSE,0
14868,F,White,USA,1404,12,Arts,FALSE,FALSE,0
69258,M,White,Canada,1137,0,Arts,FALSE,FALSE,0
62969,M,White,USA,1273,0,Arts,FALSE,FALSE,0
64375,M,White,USA,1386,3,Arts,FALSE,FALSE,0
79152,M,White,USA,1072,3,Arts,FALSE,FALSE,0
32221,M,Black,Canada,930,3,Arts,FALSE,FALSE,0
41821,F,White,Canada,1131,15,Arts,FALSE,FALSE,0
57039,M,None,USA,1410,0,Arts,FALSE,FALSE,0
57028,M,White,Canada,1054,12,Arts,FALSE,FALSE,0
58678,M,White,Canada,932,12,Arts,FALSE,FALSE,0
93297,F,White,Canada,,12,Arts,FALSE,FALSE,0
65698,F,White,USA,1087,0,Arts,FALSE,FALSE,0
67914,F,Asian,USA,1130,12,Arts,FALSE,FALSE,0
82222,F,None,Canada,1067,12,Arts,FALSE,FALSE,0
13533,M,Hispanic,Canada,1422,6,Arts,FALSE,TRUE,1
17290,F,White,USA,1161,0,Arts,FALSE,FALSE,0
63141,F,White,Canada,930,3,Arts,FALSE,FALSE,0
28921,F,White,Canada,890,6,Arts,FALSE,FALSE,0
44937,M,White,USA,934,3,Arts,FALSE,FALSE,0
88713,F,White,USA,953,12,Arts,FALSE,FALSE,0
39733,M,White,Canada,1370,6,Arts,FALSE,FALSE,0
42612,F,Asian,Canada,1034,15,Arts,FALSE,FALSE,0
68214,F,White,USA,1351,15,Arts,FALSE,FALSE,0
32369,F,Black,Canada,944,6,Arts,TRUE,FALSE,0
93747,F,White,USA,1279,15,Arts,FALSE,FALSE,1
30774,M,Black,USA,1026,9,Arts,FALSE,FALSE,1
64819,F,White,Canada,1357,12,Arts,FALSE,FALSE,0
34970,M,White,USA,881,0,Arts,FALSE,FALSE,0
23818,F,Asian,USA,1267,6,Arts,FALSE,FALSE,0
85742,F,White,Canada,855,15,Science,FALSE,FALSE,0
80572,M,White,USA,1197,3,Science,FALSE,FALSE,0
28686,F,White,USA,1380,0,Science,FALSE,FALSE,0
55000,F,White,USA,1410,15,Science,FALSE,FALSE,0
43542,F,Asian,USA,893,3,Science,FALSE,FALSE,0
83062,F,White,Canada,1213,6,Science,FALSE,FALSE,0
34153,F,White,USA,1355,3,Science,FALSE,FALSE,0
65763,F,Asian,USA,1115,9,Science,FALSE,FALSE,0
24884,F,White,USA,1294,6,Science,FALSE,FALSE,0
81193,M,White,Canada,1046,3,Science,FALSE,FALSE,0
22792,F,Asian,Canada,1085,3,Science,FALSE,FALSE,0
73562,F,White,USA,907,0,Science,FALSE,FALSE,0
74491,M,White,USA,1128,15,Science,FALSE,FALSE,0
78490,F,Black,Canada,1322,6,Science,FALSE,TRUE,1
41476,F,Asian,Canada,1188,12,Science,FALSE,FALSE,0
56713,F,White,USA,,12,Science,FALSE,FALSE,0
82024,F,White,USA,1346,12,Science,FALSE,FALSE,0
48766,F,Asian,USA,1303,12,Science,FALSE,FALSE,1
19855,F,White,Canada,908,0,Science,FALSE,FALSE,0
10946,F,White,USA,1426,0,Science,FALSE,FALSE,0
83703,M,White,Canada,1344,0,Science,FALSE,FALSE,0
98569,M,White,Canada,992,12,Science,FALSE,FALSE,0
40680,M,White,Canada,939,6,Science,FALSE,FALSE,0
26316,M,White,Canada,1273,0,Science,FALSE,FALSE,1
66783,M,White,USA,1177,12,Science,FALSE,FALSE,0
63050,M,White,Canada,1440,15,Science,FALSE,FALSE,0
20063,M,White,USA,1367,15,Science,FALSE,FALSE,0
87557,F,Asian,Canada,1016,3,Science,FALSE,FALSE,0
27869,M,None,USA,1025,9,Science,FALSE,FALSE,0
45034,M,Black,Canada,1284,0,Science,FALSE,FALSE,0
11375,F,Black,Canada,1047,12,Science,FALSE,FALSE,0
13612,F,Non Res.,USA,852,9,Science,FALSE,FALSE,0
25607,F,White,Canada,1289,3,Science,FALSE,FALSE,0
30062,M,Black,Canada,1395,15,Science,FALSE,FALSE,0
58613,F,None,Canada,1382,9,Science,FALSE,FALSE,0
59149,M,White,USA,1258,9,Science,FALSE,FALSE,0
13124,F,Non Res.,USA,1439,3,Science,FALSE,FALSE,0
82766,M,Asian,Canada,1155,15,Science,FALSE,FALSE,0
24912,F,Hispanic,Canada,1173,0,Science,FALSE,FALSE,0
28008,F,White,USA,1114,9,Science,FALSE,FALSE,0
63960,F,White,USA,1008,0,Science,FALSE,FALSE,0
37704,M,White,USA,1369,3,Science,FALSE,FALSE,0
91570,F,None,USA,1349,12,Science,FALSE,FALSE,0
38451,M,Not Incl,USA,1065,0,Science,TRUE,FALSE,0
16195,F,White,USA,1057,12,Science,FALSE,FALSE,0
33046,M,White,Canada,1231,9,Science,FALSE,FALSE,0
85165,F,White,USA,1404,12,Science,FALSE,FALSE,0
88220,M,White,USA,962,6,Science,FALSE,FALSE,0
71812,M,White,USA,1094,3,Science,FALSE,FALSE,0
95020,M,White,Canada,871,12,Science,FALSE,FALSE,0
89167,F,White,USA,948,9,Science,FALSE,FALSE,0
55516,F,White,Canada,997,6,Science,FALSE,FALSE,0
93589,M,Asian,USA,1014,9,Science,FALSE,FALSE,1
29847,F,Black,USA,1037,15,Science,FALSE,TRUE,1
71832,F,White,Canada,1421,9,Science,FALSE,FALSE,0
60373,M,White,Canada,1341,6,Science,FALSE,FALSE,0
82897,F,White,USA,1037,12,Science,FALSE,FALSE,0
81896,M,Asian,Canada,1347,6,Science,FALSE,FALSE,0
47930,F,Asian,Canada,916,9,Science,FALSE,FALSE,0
10767,M,White,Canada,1212,6,Science,FALSE,FALSE,0
26930,F,White,Canada,1191,9,Science,FALSE,FALSE,0
49306,M,White,USA,1114,3,Science,FALSE,FALSE,0
14379,F,White,USA,1215,0,Science,FALSE,FALSE,0
42538,F,White,Canada,1039,12,Science,FALSE,FALSE,0
69368,F,White,Canada,1069,3,Science,FALSE,FALSE,0
62992,M,White,USA,1157,9,Science,FALSE,FALSE,0
91687,M,Asian,Canada,857,3,Science,FALSE,FALSE,0
72492,F,Black,Canada,1067,9,Science,FALSE,TRUE,1
45759,M,White,Canada,871,6,Science,FALSE,FALSE,0
16600,F,Asian,USA,1181,6,Science,FALSE,FALSE,1
90500,F,White,Canada,1331,3,Science,FALSE,FALSE,0
99719,M,Black,USA,1029,9,Science,FALSE,FALSE,1
44305,M,White,Canada,1110,9,Science,FALSE,FALSE,0
82071,F,White,Canada,1240,15,Science,FALSE,FALSE,0
38171,F,White,USA,1245,12,Science,FALSE,FALSE,0
50500,F,White,Canada,1317,3,Science,FALSE,TRUE,1
15118,F,White,Canada,1030,6,Science,FALSE,FALSE,0
23336,M,White,USA,1208,6,Science,FALSE,FALSE,0
38721,M,White,USA,1430,12,Science,FALSE,FALSE,0
76931,F,White,Canada,1274,12,Science,FALSE,FALSE,0
18356,F,White,Canada,1229,3,Science,FALSE,TRUE,1
27889,F,White,USA,937,3,Science,FALSE,FALSE,0
32447,M,White,Canada,1422,0,Science,FALSE,FALSE,0
11946,M,White,Canada,1394,12,Science,FALSE,FALSE,0
47736,M,White,Canada,1125,3,Science,FALSE,FALSE,0
94280,F,White,USA,1402,9,Science,FALSE,FALSE,0
62320,F,None,Canada,1294,0,Science,FALSE,FALSE,0
30634,F,White,USA,1312,0,Science,FALSE,FALSE,0
76176,F,Non Res.,USA,1309,0,Science,FALSE,FALSE,0
10251,M,White,USA,1361,12,Science,FALSE,FALSE,0
31402,F,None,USA,1084,9,Science,FALSE,FALSE,0
93107,F,Non Res.,Canada,1059,9,Science,FALSE,FALSE,0
49557,F,White,USA,1035,0,Science,FALSE,FALSE,0
35782,F,Non Res.,USA,858,9,Science,TRUE,FALSE,0
35645,F,White,Canada,1249,6,Science,FALSE,FALSE,0
18926,M,White,Canada,1254,3,Science,FALSE,FALSE,0
88775,F,Asian,USA,1165,3,Science,FALSE,FALSE,1
27333,F,White,USA,1256,9,Science,FALSE,FALSE,0
81418,F,White,Canada,880,12,Science,FALSE,FALSE,0
34534,F,Black,USA,1186,12,Science,TRUE,FALSE,0
33933,M,White,Canada,997,0,Science,FALSE,FALSE,0
71919,M,White,Canada,1361,15,Science,FALSE,FALSE,0
34254,M,White,Canada,1366,6,Science,FALSE,FALSE,0
68238,F,White,Canada,1257,9,Science,FALSE,FALSE,0
53991,F,None,Canada,1161,15,Science,FALSE,FALSE,0
62425,M,White,Canada,1170,0,Science,FALSE,FALSE,0
18739,M,White,USA,1134,15,Science,FALSE,FALSE,0
59109,M,Asian,Canada,1341,3,Science,FALSE,FALSE,0
75761,F,White,USA,937,6,Science,FALSE,FALSE,0
47461,F,Hispanic,USA,1123,12,Science,FALSE,FALSE,0
36040,F,White,Canada,1175,15,Science,FALSE,FALSE,0
84118,F,White,USA,1317,12,Science,FALSE,FALSE,0
65350,M,White,Canada,1211,15,Science,FALSE,FALSE,0
58487,F,White,USA,1156,0,Science,FALSE,FALSE,0
86065,M,Hispanic,USA,1270,6,Science,FALSE,FALSE,0
13086,M,White,USA,895,3,Science,FALSE,FALSE,0
52768,F,White,USA,1118,12,Science,FALSE,FALSE,0
48385,F,White,USA,1124,9,Science,FALSE,FALSE,0
33721,F,None,Canada,1358,3,Science,FALSE,FALSE,0
28945,F,White,Canada,986,15,Science,FALSE,FALSE,0
48636,M,None,Canada,1044,6,Science,FALSE,FALSE,0
55124,M,None,USA,1002,12,Science,FALSE,FALSE,0
22053,F,Asian,USA,1195,9,Science,FALSE,FALSE,0
88194,M,White,USA,1230,6,Science,TRUE,TRUE,1
80906,M,White,Canada,1010,6,Science,TRUE,TRUE,1
47699,F,White,Canada,1003,15,Science,FALSE,FALSE,0
97120,M,White,Canada,1043,12,Science,FALSE,FALSE,0
69681,M,White,Canada,1326,9,Science,FALSE,FALSE,0
65032,F,White,Canada,1410,9,Science,TRUE,FALSE,0
78538,F,White,USA,1074,9,Science,FALSE,FALSE,0
94216,M,White,Canada,1072,6,Science,FALSE,FALSE,0
88965,F,White,USA,966,9,Science,FALSE,FALSE,0
50458,F,White,USA,995,9,Science,FALSE,FALSE,0
28470,M,White,USA,,12,Science,FALSE,FALSE,0
57204,F,Black,Canada,,3,Science,TRUE,TRUE,1
94449,F,Asian,USA,,6,Science,FALSE,FALSE,0
80895,F,Asian,Canada,,12,Science,FALSE,FALSE,0
65943,M,Asian,USA,998,3,Science,FALSE,FALSE,0
53558,F,White,USA,,12,Science,FALSE,FALSE,0
56657,F,White,USA,,3,Science,FALSE,FALSE,0
13404,M,White,USA,,15,Science,FALSE,FALSE,0
79599,F,White,USA,1373,9,Science,FALSE,FALSE,0
40776,M,Asian,USA,,15,Science,FALSE,FALSE,0
68754,M,White,USA,,15,Science,FALSE,FALSE,0
38087,F,Not Incl,Canada,,12,Science,FALSE,FALSE,0
26841,M,White,Canada,,6,Science,FALSE,FALSE,0
71841,M,White,Canada,,3,Science,FALSE,FALSE,0
80855,M,White,USA,,9,Science,FALSE,FALSE,0
65227,F,White,Canada,1306,0,Science,FALSE,FALSE,0
95563,M,White,Canada,1318,6,Science,FALSE,FALSE,0
99801,F,Hispanic,Canada,1067,6,Science,FALSE,FALSE,0
13864,F,Asian,Canada,1206,6,Science,FALSE,FALSE,0
50687,M,White,USA,1406,3,Science,FALSE,FALSE,0
21854,M,Asian,USA,1340,0,Science,FALSE,FALSE,0
92058,F,White,Canada,941,12,Science,FALSE,FALSE,0
31594,F,White,Canada,1283,9,Science,FALSE,FALSE,0
59554,F,None,Canada,1111,15,Science,FALSE,FALSE,0
89178,M,None,USA,1248,9,Science,TRUE,FALSE,0
91275,M,Asian,Canada,1113,3,Science,FALSE,FALSE,0
24586,F,White,USA,1157,9,Science,FALSE,FALSE,0
67717,F,White,USA,925,0,Science,FALSE,FALSE,0
85491,M,White,USA,1387,9,Science,FALSE,FALSE,0
13552,M,Asian,Canada,1074,0,Science,FALSE,TRUE,1
18176,F,Asian,Canada,1062,9,Science,FALSE,FALSE,0
13962,M,Not Incl,Canada,991,3,Science,FALSE,FALSE,0
60757,M,White,USA,1226,6,Science,FALSE,FALSE,0
12625,F,Hispanic,USA,1407,15,Science,FALSE,FALSE,0
84858,F,White,USA,1371,0,Science,FALSE,FALSE,0
26700,F,White,USA,1387,12,Science,FALSE,FALSE,0
56184,F,White,USA,970,12,Science,FALSE,FALSE,0
41515,F,White,Canada,974,3,Science,FALSE,FALSE,0
30105,F,White,Canada,1273,9,Science,FALSE,FALSE,0
35783,F,White,Canada,939,3,Science,FALSE,FALSE,0
72292,M,Black,Canada,1198,3,Science,FALSE,FALSE,0
88860,M,White,USA,904,9,Science,FALSE,FALSE,0
63870,M,Black,USA,1056,0,Science,FALSE,TRUE,1
89133,F,Hispanic,USA,1343,9,Science,FALSE,FALSE,0
60702,M,Hispanic,USA,1052,12,Science,FALSE,FALSE,1
44726,M,White,USA,989,9,Science,FALSE,FALSE,0
54361,M,Asian,Canada,1209,9,Science,FALSE,FALSE,0
56265,M,White,Canada,930,3,Science,FALSE,FALSE,0
44527,F,White,Canada,1206,0,Science,FALSE,FALSE,0
58225,F,Black,USA,974,0,Science,FALSE,FALSE,1
96953,F,White,USA,896,6,Science,FALSE,FALSE,0
56382,M,Asian,Canada,1105,0,Science,FALSE,FALSE,0
50283,F,None,USA,1066,15,Science,TRUE,FALSE,0
28548,F,Hispanic,Canada,1329,15,Science,FALSE,TRUE,1
15936,F,None,Canada,1367,0,Science,FALSE,FALSE,0
39462,F,White,Canada,873,6,Science,FALSE,FALSE,0
19824,F,White,Canada,1002,0,Science,FALSE,FALSE,0
30522,F,White,Canada,1083,9,Science,FALSE,FALSE,0
97179,F,Hispanic,Canada,949,9,Science,FALSE,FALSE,0
95316,M,White,Canada,948,12,Science,FALSE,FALSE,0
34075,M,Asian,USA,1308,12,Science,FALSE,FALSE,0
15355,F,White,Canada,1161,0,Science,FALSE,FALSE,0
99278,M,None,Canada,1090,15,Science,FALSE,FALSE,0
84832,M,White,Canada,1094,0,Science,FALSE,FALSE,0
17981,F,White,Canada,1128,0,Science,FALSE,FALSE,0
84136,F,Not Incl,USA,1021,15,Science,FALSE,FALSE,0
11533,F,Asian,Canada,1040,12,Science,FALSE,FALSE,0
64165,F,White,USA,1248,12,Science,FALSE,FALSE,0
25652,M,White,Canada,1145,3,Science,FALSE,FALSE,0
31639,F,White,USA,873,6,Science,FALSE,FALSE,0
89949,F,White,Canada,1338,0,Science,FALSE,FALSE,0
87944,M,Black,Canada,903,6,Science,FALSE,TRUE,1
20499,M,Black,Canada,928,0,Science,FALSE,TRUE,1
53820,F,Black,USA,954,3,Science,FALSE,TRUE,1
77078,M,White,USA,1397,15,Science,FALSE,FALSE,0
71201,F,White,Canada,1131,15,Science,FALSE,FALSE,0
88546,F,White,USA,1093,12,Science,FALSE,FALSE,0
31439,M,White,USA,1165,9,Science,FALSE,FALSE,0
27467,F,White,USA,1211,0,Science,FALSE,FALSE,0
33074,F,White,USA,858,12,Science,FALSE,FALSE,0
79664,M,White,Canada,1290,9,Science,FALSE,FALSE,0
24421,M,White,Canada,1258,6,Science,FALSE,FALSE,0
79456,F,White,Canada,1114,15,Science,FALSE,FALSE,0
29948,F,Asian,Canada,915,9,Science,FALSE,FALSE,0
42969,F,Not Incl,Canada,1146,6,Science,FALSE,FALSE,0
85392,M,Asian,USA,1041,15,Science,FALSE,FALSE,0
59410,F,Not Incl,USA,939,15,Science,FALSE,FALSE,1
52793,F,Black,Canada,1299,9,Science,FALSE,TRUE,1
15915,F,White,Canada,1274,9,Science,FALSE,FALSE,0
56589,F,White,Canada,1038,6,Science,FALSE,FALSE,0
48110,F,White,USA,1397,3,Science,FALSE,FALSE,0
39991,M,White,USA,1141,3,Science,FALSE,TRUE,1
61945,F,Asian,USA,1350,9,Engineering,FALSE,FALSE,0
47388,F,White,Canada,1047,3,Engineering,FALSE,FALSE,0
24823,F,White,USA,1385,6,Engineering,FALSE,FALSE,0
69926,F,White,USA,1037,9,Engineering,FALSE,FALSE,0
31525,F,Black,Canada,1218,0,Engineering,FALSE,FALSE,0
26357,M,White,USA,985,3,Engineering,FALSE,FALSE,0
34092,F,White,USA,1436,6,Engineering,FALSE,FALSE,0
47177,M,White,Canada,923,3,Engineering,FALSE,FALSE,0
47996,F,White,Canada,1008,9,Engineering,FALSE,FALSE,1
24041,F,White,Canada,1334,9,Engineering,FALSE,FALSE,0
35121,M,None,USA,976,9,Engineering,FALSE,FALSE,0
58495,F,Hispanic,Canada,1086,12,Engineering,FALSE,FALSE,0
67862,F,Black,Canada,1438,12,Engineering,TRUE,FALSE,0
12200,F,White,USA,932,9,Engineering,FALSE,FALSE,0
29697,F,Hispanic,Canada,1367,9,Engineering,FALSE,FALSE,0
56408,M,Native Amr,Canada,1091,6,Engineering,FALSE,FALSE,0
33639,F,Asian,USA,1248,3,Engineering,FALSE,FALSE,0
47165,M,White,Canada,1138,12,Engineering,FALSE,FALSE,0
79483,F,White,USA,1099,3,Engineering,FALSE,FALSE,0
13304,F,White,USA,1097,15,Engineering,FALSE,FALSE,0
61586,M,White,Canada,955,3,Engineering,FALSE,FALSE,0
58939,M,White,USA,1364,3,Engineering,FALSE,FALSE,0
33252,F,White,Canada,1162,6,Engineering,FALSE,FALSE,0
94556,M,White,Canada,1252,9,Engineering,FALSE,FALSE,0
44332,F,Asian,Canada,964,0,Engineering,FALSE,FALSE,0
82663,F,White,USA,1252,3,Engineering,FALSE,FALSE,0
47350,F,White,USA,1110,3,Engineering,FALSE,FALSE,0
50247,F,Non Res.,USA,1389,9,Engineering,FALSE,FALSE,0
39253,M,Non Res.,Canada,1440,12,Engineering,FALSE,FALSE,0
85460,M,White,USA,1067,6,Engineering,FALSE,FALSE,0
80238,F,Asian,Canada,1089,15,Engineering,FALSE,FALSE,0
91198,F,White,Canada,1350,6,Engineering,FALSE,FALSE,0
32849,M,White,Canada,1264,9,Engineering,FALSE,FALSE,0
95062,F,White,USA,1034,3,Engineering,FALSE,FALSE,1
61124,M,White,USA,947,0,Engineering,FALSE,FALSE,0
54374,F,White,USA,1042,12,Engineering,FALSE,FALSE,0
21419,F,Not Incl,Canada,1170,6,Engineering,FALSE,FALSE,0
85217,M,White,Canada,942,6,Engineering,FALSE,FALSE,0
91552,F,Asian,USA,1115,15,Engineering,FALSE,FALSE,0
59415,M,White,Canada,1328,0,Engineering,FALSE,FALSE,0
99259,F,Black,USA,1426,15,Engineering,FALSE,FALSE,1
26674,F,White,Canada,1242,9,Engineering,FALSE,FALSE,0
17911,M,White,USA,974,15,Engineering,FALSE,FALSE,0
67121,F,White,Canada,1424,9,Engineering,FALSE,FALSE,0
28874,F,Hispanic,USA,1325,0,Engineering,FALSE,TRUE,1
37609,M,White,USA,901,6,Engineering,FALSE,FALSE,0
23530,M,White,Canada,1074,0,Engineering,FALSE,FALSE,1
52514,M,Asian,USA,1132,3,Engineering,FALSE,FALSE,0
74774,F,White,Canada,1190,0,Engineering,FALSE,FALSE,0
93013,F,White,Canada,1324,6,Engineering,FALSE,FALSE,0
55818,F,White,USA,1379,0,Engineering,FALSE,FALSE,0
36361,F,Asian,Canada,1295,3,Engineering,FALSE,FALSE,0
51953,F,White,Canada,1247,9,Engineering,FALSE,FALSE,1
79071,M,White,Canada,1101,9,Engineering,FALSE,FALSE,0
30918,M,White,USA,1107,15,Engineering,FALSE,FALSE,0
86285,F,White,USA,1362,12,Engineering,FALSE,FALSE,1
61734,M,None,Canada,912,15,Engineering,FALSE,FALSE,0
68269,M,White,USA,1368,0,Engineering,FALSE,FALSE,0
36532,M,White,Canada,1310,3,Engineering,FALSE,FALSE,0
90987,M,White,Canada,912,9,Engineering,FALSE,FALSE,0
53730,F,White,Canada,994,9,Engineering,FALSE,FALSE,0
16771,F,White,USA,,3,Engineering,FALSE,FALSE,0
82185,F,White,USA,959,15,Engineering,FALSE,FALSE,0
76579,F,White,Canada,1412,3,Engineering,FALSE,FALSE,0
11834,M,Asian,Canada,1409,6,Engineering,FALSE,FALSE,0
43310,M,White,Canada,1144,0,Engineering,FALSE,FALSE,0
30954,F,White,Canada,918,15,Engineering,FALSE,FALSE,0
23253,M,White,Canada,1010,15,Engineering,FALSE,FALSE,0
28528,M,White,Canada,873,6,Engineering,FALSE,FALSE,0
22506,F,White,USA,1011,15,Engineering,FALSE,FALSE,0
72669,F,White,USA,1276,0,Engineering,FALSE,FALSE,0
27787,M,White,Canada,1352,6,Engineering,FALSE,FALSE,0
39180,F,White,USA,997,6,Engineering,FALSE,FALSE,0
80581,F,White,USA,1077,15,Engineering,FALSE,FALSE,0
84909,M,White,USA,886,0,Engineering,FALSE,FALSE,0
58054,F,None,USA,980,9,Engineering,FALSE,FALSE,0
18190,F,None,USA,961,3,Engineering,FALSE,FALSE,0
98439,F,White,Canada,937,0,Engineering,FALSE,FALSE,0
10569,F,White,USA,1204,15,Engineering,FALSE,FALSE,0
82964,F,White,Canada,1244,6,Engineering,FALSE,FALSE,0
91453,F,White,Canada,1277,9,Engineering,FALSE,FALSE,0
56387,F,None,USA,1087,0,Engineering,FALSE,FALSE,0
19326,F,White,USA,1182,12,Engineering,FALSE,FALSE,0
43406,F,Hispanic,USA,1132,0,Engineering,FALSE,TRUE,1
35458,F,None,Canada,894,9,Engineering,FALSE,FALSE,0
40244,F,Asian,USA,1434,12,Engineering,FALSE,FALSE,1
29691,F,White,USA,1390,12,Engineering,FALSE,FALSE,0
87193,F,White,USA,1407,6,Engineering,FALSE,FALSE,0
98513,F,White,USA,905,15,Engineering,FALSE,FALSE,0
56224,F,White,USA,1317,0,Engineering,FALSE,FALSE,0
78180,F,White,Canada,1276,0,Engineering,FALSE,FALSE,0
52243,F,White,Canada,967,6,Engineering,FALSE,FALSE,0
62996,F,White,USA,870,3,Engineering,FALSE,FALSE,1
60366,F,White,Canada,1386,0,Engineering,FALSE,FALSE,0
28823,F,White,Canada,939,9,Engineering,FALSE,FALSE,0
64830,F,Hispanic,USA,,12,Engineering,FALSE,FALSE,0
93677,M,White,USA,1429,0,Engineering,FALSE,FALSE,0
49777,M,Non Res.,USA,,9,Engineering,FALSE,FALSE,0
78084,F,None,Canada,1089,9,Engineering,FALSE,FALSE,0
22205,M,White,Canada,1008,9,Engineering,FALSE,FALSE,1
62283,F,White,USA,,6,Engineering,FALSE,FALSE,0
50753,F,White,Canada,999,9,Engineering,FALSE,FALSE,0
39992,F,White,Canada,1113,15,Engineering,FALSE,FALSE,0
91464,F,White,USA,1169,12,Engineering,FALSE,FALSE,0
31334,M,White,Canada,,9,Engineering,FALSE,FALSE,0
24902,M,White,Canada,1425,0,Engineering,FALSE,FALSE,0
49519,F,White,Canada,,3,Engineering,FALSE,FALSE,1
39525,F,White,USA,1024,15,Engineering,FALSE,FALSE,0
23341,M,Non Res.,USA,1316,0,Engineering,FALSE,FALSE,0
50088,F,Asian,USA,1061,3,Engineering,FALSE,FALSE,0
22489,F,White,USA,1060,3,Engineering,FALSE,FALSE,0
14795,F,Black,Canada,855,12,Engineering,FALSE,FALSE,0
96475,F,White,USA,,3,Engineering,FALSE,FALSE,0
31815,F,Non Res.,USA,1173,0,Engineering,FALSE,FALSE,0
48201,M,Non Res.,USA,1148,12,Engineering,FALSE,FALSE,0
31934,F,White,USA,1210,12,Engineering,FALSE,FALSE,0
62060,M,White,Canada,976,15,Engineering,FALSE,FALSE,1
67893,F,White,USA,985,9,Engineering,FALSE,FALSE,0
19127,M,Black,USA,857,3,Engineering,FALSE,FALSE,1
60573,F,White,Canada,1309,12,Engineering,FALSE,FALSE,0
24118,M,White,Canada,1268,9,Engineering,FALSE,FALSE,1
87308,M,White,USA,902,3,Engineering,FALSE,FALSE,0
12817,F,White,Canada,1302,3,Engineering,FALSE,FALSE,0
77114,F,Black,Canada,1217,15,Engineering,FALSE,FALSE,1
47674,F,White,USA,868,6,Engineering,FALSE,FALSE,0
31640,F,Asian,USA,1358,15,Engineering,FALSE,FALSE,1
41945,M,Non Res.,USA,1093,12,Engineering,FALSE,FALSE,0
41351,F,White,USA,1295,6,Engineering,FALSE,FALSE,0
71417,M,White,USA,885,6,Engineering,FALSE,FALSE,0
20029,F,White,Canada,1113,3,Engineering,FALSE,FALSE,0
53557,F,Black,Canada,1240,15,Engineering,FALSE,TRUE,1
33701,M,White,USA,974,12,Engineering,FALSE,FALSE,0
60783,M,White,Canada,1102,15,Engineering,FALSE,FALSE,0
83550,F,Black,Canada,889,15,Engineering,FALSE,TRUE,1
25165,F,White,Canada,1132,9,Engineering,FALSE,FALSE,0
82118,M,White,USA,1251,6,Engineering,FALSE,FALSE,0
98452,M,White,Canada,1152,15,Engineering,FALSE,FALSE,0
64684,F,White,USA,861,12,Engineering,FALSE,FALSE,0
21643,F,White,Canada,1236,3,Engineering,FALSE,FALSE,0
21794,M,Not Incl,USA,1327,0,Engineering,FALSE,FALSE,1
14772,F,White,USA,1327,0,Engineering,FALSE,FALSE,0
34133,M,White,USA,856,9,Engineering,TRUE,FALSE,0
26589,F,Asian,USA,,18,Engineering,FALSE,FALSE,0
11248,M,White,Canada,946,18,Engineering,FALSE,FALSE,0
55949,F,White,Canada,1333,18,Engineering,FALSE,FALSE,0
64791,F,White,Canada,1180,18,Nursing,FALSE,FALSE,0
33182,F,White,USA,1245,18,Nursing,FALSE,FALSE,0
18009,F,White,USA,1103,18,Nursing,FALSE,FALSE,0
32684,F,Asian,Canada,1307,18,Nursing,FALSE,FALSE,0
